--
-- PostgreSQL database dump
--

-- Dumped from database version 15.0
-- Dumped by pg_dump version 15.0

SET statement_timeout = 0;
SET lock_timeout = 0;
SET idle_in_transaction_session_timeout = 0;
SET client_encoding = 'UTF8';
SET standard_conforming_strings = on;
SELECT pg_catalog.set_config('search_path', '', false);
SET check_function_bodies = false;
SET xmloption = content;
SET client_min_messages = warning;
SET row_security = off;

SET default_tablespace = '';

SET default_table_access_method = heap;

--
-- Name: auth_group; Type: TABLE; Schema: public; Owner: postgres
--

CREATE TABLE public.auth_group (
    id integer NOT NULL,
    name character varying(150) NOT NULL
);


ALTER TABLE public.auth_group OWNER TO postgres;

--
-- Name: auth_group_id_seq; Type: SEQUENCE; Schema: public; Owner: postgres
--

ALTER TABLE public.auth_group ALTER COLUMN id ADD GENERATED BY DEFAULT AS IDENTITY (
    SEQUENCE NAME public.auth_group_id_seq
    START WITH 1
    INCREMENT BY 1
    NO MINVALUE
    NO MAXVALUE
    CACHE 1
);


--
-- Name: auth_group_permissions; Type: TABLE; Schema: public; Owner: postgres
--

CREATE TABLE public.auth_group_permissions (
    id bigint NOT NULL,
    group_id integer NOT NULL,
    permission_id integer NOT NULL
);


ALTER TABLE public.auth_group_permissions OWNER TO postgres;

--
-- Name: auth_group_permissions_id_seq; Type: SEQUENCE; Schema: public; Owner: postgres
--

ALTER TABLE public.auth_group_permissions ALTER COLUMN id ADD GENERATED BY DEFAULT AS IDENTITY (
    SEQUENCE NAME public.auth_group_permissions_id_seq
    START WITH 1
    INCREMENT BY 1
    NO MINVALUE
    NO MAXVALUE
    CACHE 1
);


--
-- Name: auth_permission; Type: TABLE; Schema: public; Owner: postgres
--

CREATE TABLE public.auth_permission (
    id integer NOT NULL,
    name character varying(255) NOT NULL,
    content_type_id integer NOT NULL,
    codename character varying(100) NOT NULL
);


ALTER TABLE public.auth_permission OWNER TO postgres;

--
-- Name: auth_permission_id_seq; Type: SEQUENCE; Schema: public; Owner: postgres
--

ALTER TABLE public.auth_permission ALTER COLUMN id ADD GENERATED BY DEFAULT AS IDENTITY (
    SEQUENCE NAME public.auth_permission_id_seq
    START WITH 1
    INCREMENT BY 1
    NO MINVALUE
    NO MAXVALUE
    CACHE 1
);


--
-- Name: auth_user; Type: TABLE; Schema: public; Owner: postgres
--

CREATE TABLE public.auth_user (
    id integer NOT NULL,
    password character varying(128) NOT NULL,
    last_login timestamp with time zone,
    is_superuser boolean NOT NULL,
    username character varying(150) NOT NULL,
    first_name character varying(150) NOT NULL,
    last_name character varying(150) NOT NULL,
    email character varying(254) NOT NULL,
    is_staff boolean NOT NULL,
    is_active boolean NOT NULL,
    date_joined timestamp with time zone NOT NULL
);


ALTER TABLE public.auth_user OWNER TO postgres;

--
-- Name: auth_user_groups; Type: TABLE; Schema: public; Owner: postgres
--

CREATE TABLE public.auth_user_groups (
    id bigint NOT NULL,
    user_id integer NOT NULL,
    group_id integer NOT NULL
);


ALTER TABLE public.auth_user_groups OWNER TO postgres;

--
-- Name: auth_user_groups_id_seq; Type: SEQUENCE; Schema: public; Owner: postgres
--

ALTER TABLE public.auth_user_groups ALTER COLUMN id ADD GENERATED BY DEFAULT AS IDENTITY (
    SEQUENCE NAME public.auth_user_groups_id_seq
    START WITH 1
    INCREMENT BY 1
    NO MINVALUE
    NO MAXVALUE
    CACHE 1
);


--
-- Name: auth_user_id_seq; Type: SEQUENCE; Schema: public; Owner: postgres
--

ALTER TABLE public.auth_user ALTER COLUMN id ADD GENERATED BY DEFAULT AS IDENTITY (
    SEQUENCE NAME public.auth_user_id_seq
    START WITH 1
    INCREMENT BY 1
    NO MINVALUE
    NO MAXVALUE
    CACHE 1
);


--
-- Name: auth_user_user_permissions; Type: TABLE; Schema: public; Owner: postgres
--

CREATE TABLE public.auth_user_user_permissions (
    id bigint NOT NULL,
    user_id integer NOT NULL,
    permission_id integer NOT NULL
);


ALTER TABLE public.auth_user_user_permissions OWNER TO postgres;

--
-- Name: auth_user_user_permissions_id_seq; Type: SEQUENCE; Schema: public; Owner: postgres
--

ALTER TABLE public.auth_user_user_permissions ALTER COLUMN id ADD GENERATED BY DEFAULT AS IDENTITY (
    SEQUENCE NAME public.auth_user_user_permissions_id_seq
    START WITH 1
    INCREMENT BY 1
    NO MINVALUE
    NO MAXVALUE
    CACHE 1
);


--
-- Name: csvimport_csvimport; Type: TABLE; Schema: public; Owner: postgres
--

CREATE TABLE public.csvimport_csvimport (
    id integer NOT NULL,
    model_name character varying(255) NOT NULL,
    field_list text NOT NULL,
    upload_file character varying(100) NOT NULL,
    file_name character varying(255) NOT NULL,
    encoding character varying(32) NOT NULL,
    upload_method character varying(50) NOT NULL,
    error_log text NOT NULL,
    import_date date NOT NULL,
    import_user character varying(255) NOT NULL
);


ALTER TABLE public.csvimport_csvimport OWNER TO postgres;

--
-- Name: csvimport_csvimport_id_seq; Type: SEQUENCE; Schema: public; Owner: postgres
--

ALTER TABLE public.csvimport_csvimport ALTER COLUMN id ADD GENERATED BY DEFAULT AS IDENTITY (
    SEQUENCE NAME public.csvimport_csvimport_id_seq
    START WITH 1
    INCREMENT BY 1
    NO MINVALUE
    NO MAXVALUE
    CACHE 1
);


--
-- Name: csvimport_importmodel; Type: TABLE; Schema: public; Owner: postgres
--

CREATE TABLE public.csvimport_importmodel (
    id integer NOT NULL,
    numeric_id integer NOT NULL,
    natural_key character varying(100) NOT NULL,
    csvimport_id integer NOT NULL,
    CONSTRAINT csvimport_importmodel_numeric_id_check CHECK ((numeric_id >= 0))
);


ALTER TABLE public.csvimport_importmodel OWNER TO postgres;

--
-- Name: csvimport_importmodel_id_seq; Type: SEQUENCE; Schema: public; Owner: postgres
--

ALTER TABLE public.csvimport_importmodel ALTER COLUMN id ADD GENERATED BY DEFAULT AS IDENTITY (
    SEQUENCE NAME public.csvimport_importmodel_id_seq
    START WITH 1
    INCREMENT BY 1
    NO MINVALUE
    NO MAXVALUE
    CACHE 1
);


--
-- Name: django_admin_log; Type: TABLE; Schema: public; Owner: postgres
--

CREATE TABLE public.django_admin_log (
    id integer NOT NULL,
    action_time timestamp with time zone NOT NULL,
    object_id text,
    object_repr character varying(200) NOT NULL,
    action_flag smallint NOT NULL,
    change_message text NOT NULL,
    content_type_id integer,
    user_id integer NOT NULL,
    CONSTRAINT django_admin_log_action_flag_check CHECK ((action_flag >= 0))
);


ALTER TABLE public.django_admin_log OWNER TO postgres;

--
-- Name: django_admin_log_id_seq; Type: SEQUENCE; Schema: public; Owner: postgres
--

ALTER TABLE public.django_admin_log ALTER COLUMN id ADD GENERATED BY DEFAULT AS IDENTITY (
    SEQUENCE NAME public.django_admin_log_id_seq
    START WITH 1
    INCREMENT BY 1
    NO MINVALUE
    NO MAXVALUE
    CACHE 1
);


--
-- Name: django_content_type; Type: TABLE; Schema: public; Owner: postgres
--

CREATE TABLE public.django_content_type (
    id integer NOT NULL,
    app_label character varying(100) NOT NULL,
    model character varying(100) NOT NULL
);


ALTER TABLE public.django_content_type OWNER TO postgres;

--
-- Name: django_content_type_id_seq; Type: SEQUENCE; Schema: public; Owner: postgres
--

ALTER TABLE public.django_content_type ALTER COLUMN id ADD GENERATED BY DEFAULT AS IDENTITY (
    SEQUENCE NAME public.django_content_type_id_seq
    START WITH 1
    INCREMENT BY 1
    NO MINVALUE
    NO MAXVALUE
    CACHE 1
);


--
-- Name: django_migrations; Type: TABLE; Schema: public; Owner: postgres
--

CREATE TABLE public.django_migrations (
    id bigint NOT NULL,
    app character varying(255) NOT NULL,
    name character varying(255) NOT NULL,
    applied timestamp with time zone NOT NULL
);


ALTER TABLE public.django_migrations OWNER TO postgres;

--
-- Name: django_migrations_id_seq; Type: SEQUENCE; Schema: public; Owner: postgres
--

ALTER TABLE public.django_migrations ALTER COLUMN id ADD GENERATED BY DEFAULT AS IDENTITY (
    SEQUENCE NAME public.django_migrations_id_seq
    START WITH 1
    INCREMENT BY 1
    NO MINVALUE
    NO MAXVALUE
    CACHE 1
);


--
-- Name: django_session; Type: TABLE; Schema: public; Owner: postgres
--

CREATE TABLE public.django_session (
    session_key character varying(40) NOT NULL,
    session_data text NOT NULL,
    expire_date timestamp with time zone NOT NULL
);


ALTER TABLE public.django_session OWNER TO postgres;

--
-- Name: personel_personaleducation; Type: TABLE; Schema: public; Owner: postgres
--

CREATE TABLE public.personel_personaleducation (
    id bigint NOT NULL,
    school character varying(100) NOT NULL
);


ALTER TABLE public.personel_personaleducation OWNER TO postgres;

--
-- Name: personel_personaleducation_id_seq; Type: SEQUENCE; Schema: public; Owner: postgres
--

ALTER TABLE public.personel_personaleducation ALTER COLUMN id ADD GENERATED BY DEFAULT AS IDENTITY (
    SEQUENCE NAME public.personel_personaleducation_id_seq
    START WITH 1
    INCREMENT BY 1
    NO MINVALUE
    NO MAXVALUE
    CACHE 1
);


--
-- Name: personel_personel; Type: TABLE; Schema: public; Owner: postgres
--

CREATE TABLE public.personel_personel (
    id bigint NOT NULL,
    name character varying(30) NOT NULL,
    surname character varying(30) NOT NULL,
    email character varying(40) NOT NULL,
    phone character varying(20) NOT NULL,
    address character varying(80) NOT NULL,
    department character varying(30) NOT NULL,
    "position" character varying(30) NOT NULL,
    salary numeric(10,2) NOT NULL,
    start_date date NOT NULL,
    end_date date,
    image character varying(100)
);


ALTER TABLE public.personel_personel OWNER TO postgres;

--
-- Name: personel_personel_id_seq; Type: SEQUENCE; Schema: public; Owner: postgres
--

ALTER TABLE public.personel_personel ALTER COLUMN id ADD GENERATED BY DEFAULT AS IDENTITY (
    SEQUENCE NAME public.personel_personel_id_seq
    START WITH 1
    INCREMENT BY 1
    NO MINVALUE
    NO MAXVALUE
    CACHE 1
);


--
-- Name: personel_personelrow; Type: TABLE; Schema: public; Owner: postgres
--

CREATE TABLE public.personel_personelrow (
    id bigint NOT NULL,
    personel_id bigint NOT NULL,
    school_end_date date,
    school_id bigint,
    school_start_date date
);


ALTER TABLE public.personel_personelrow OWNER TO postgres;

--
-- Name: personel_personelrow_id_seq; Type: SEQUENCE; Schema: public; Owner: postgres
--

ALTER TABLE public.personel_personelrow ALTER COLUMN id ADD GENERATED BY DEFAULT AS IDENTITY (
    SEQUENCE NAME public.personel_personelrow_id_seq
    START WITH 1
    INCREMENT BY 1
    NO MINVALUE
    NO MAXVALUE
    CACHE 1
);


--
-- Data for Name: auth_group; Type: TABLE DATA; Schema: public; Owner: postgres
--

COPY public.auth_group (id, name) FROM stdin;
\.


--
-- Data for Name: auth_group_permissions; Type: TABLE DATA; Schema: public; Owner: postgres
--

COPY public.auth_group_permissions (id, group_id, permission_id) FROM stdin;
\.


--
-- Data for Name: auth_permission; Type: TABLE DATA; Schema: public; Owner: postgres
--

COPY public.auth_permission (id, name, content_type_id, codename) FROM stdin;
1	Can add log entry	1	add_logentry
2	Can change log entry	1	change_logentry
3	Can delete log entry	1	delete_logentry
4	Can view log entry	1	view_logentry
5	Can add permission	2	add_permission
6	Can change permission	2	change_permission
7	Can delete permission	2	delete_permission
8	Can view permission	2	view_permission
9	Can add group	3	add_group
10	Can change group	3	change_group
11	Can delete group	3	delete_group
12	Can view group	3	view_group
13	Can add user	4	add_user
14	Can change user	4	change_user
15	Can delete user	4	delete_user
16	Can view user	4	view_user
17	Can add content type	5	add_contenttype
18	Can change content type	5	change_contenttype
19	Can delete content type	5	delete_contenttype
20	Can view content type	5	view_contenttype
21	Can add session	6	add_session
22	Can change session	6	change_session
23	Can delete session	6	delete_session
24	Can view session	6	view_session
25	Can add personel	7	add_personel
26	Can change personel	7	change_personel
27	Can delete personel	7	delete_personel
28	Can view personel	7	view_personel
29	Can add personal education	8	add_personaleducation
30	Can change personal education	8	change_personaleducation
31	Can delete personal education	8	delete_personaleducation
32	Can view personal education	8	view_personaleducation
33	Can add personel row	9	add_personelrow
34	Can change personel row	9	change_personelrow
35	Can delete personel row	9	delete_personelrow
36	Can view personel row	9	view_personelrow
37	Can add csv import	10	add_csvimport
38	Can change csv import	10	change_csvimport
39	Can delete csv import	10	delete_csvimport
40	Can view csv import	10	view_csvimport
41	Can add import model	11	add_importmodel
42	Can change import model	11	change_importmodel
43	Can delete import model	11	delete_importmodel
44	Can view import model	11	view_importmodel
\.


--
-- Data for Name: auth_user; Type: TABLE DATA; Schema: public; Owner: postgres
--

COPY public.auth_user (id, password, last_login, is_superuser, username, first_name, last_name, email, is_staff, is_active, date_joined) FROM stdin;
1	pbkdf2_sha256$390000$iC7n8OXzKEjHIbRhWSChLA$P0DRAgONBrn4kvQhx3pOhTCLyHKi3xgNzNkBHM20d5s=	2023-02-27 15:21:56.389423+03	t	admin			admin@admin.com	t	t	2022-10-28 18:25:31.946656+03
\.


--
-- Data for Name: auth_user_groups; Type: TABLE DATA; Schema: public; Owner: postgres
--

COPY public.auth_user_groups (id, user_id, group_id) FROM stdin;
\.


--
-- Data for Name: auth_user_user_permissions; Type: TABLE DATA; Schema: public; Owner: postgres
--

COPY public.auth_user_user_permissions (id, user_id, permission_id) FROM stdin;
\.


--
-- Data for Name: csvimport_csvimport; Type: TABLE DATA; Schema: public; Owner: postgres
--

COPY public.csvimport_csvimport (id, model_name, field_list, upload_file, file_name, encoding, upload_method, error_log, import_date, import_user) FROM stdin;
\.


--
-- Data for Name: csvimport_importmodel; Type: TABLE DATA; Schema: public; Owner: postgres
--

COPY public.csvimport_importmodel (id, numeric_id, natural_key, csvimport_id) FROM stdin;
\.


--
-- Data for Name: django_admin_log; Type: TABLE DATA; Schema: public; Owner: postgres
--

COPY public.django_admin_log (id, action_time, object_id, object_repr, action_flag, change_message, content_type_id, user_id) FROM stdin;
1	2022-10-28 20:08:42.205728+03	2	Mertcan Ercan	1	[{"added": {}}, {"added": {"name": "personal education", "object": "Mertcan Ercan Istanbul Kultur University"}}, {"added": {"name": "personal education", "object": "Mertcan Ercan King's College London"}}]	7	1
2	2022-10-28 23:01:37.501696+03	19	test uni	1	[{"added": {}}]	8	1
3	2022-10-28 23:02:31.839345+03	4	Ahmet Can	1	[{"added": {}}, {"added": {"name": "personel row", "object": "Ahmet Can King's College London"}}]	7	1
4	2022-10-28 23:13:40.941909+03	4	Ahmet Can	3		7	1
5	2022-10-28 23:14:21.037745+03	5	Ahmet Can	1	[{"added": {}}, {"added": {"name": "personel row", "object": "Ahmet Can King's College London"}}]	7	1
6	2022-10-28 23:19:46.223947+03	5	Ahmet Can	3		7	1
7	2022-10-28 23:20:45.21768+03	6	Ahmet Can	1	[{"added": {}}, {"added": {"name": "personel row", "object": "Ahmet Can test uni"}}]	7	1
8	2022-10-28 23:21:04.188469+03	2	Mertcan Ercan	3		7	1
9	2022-10-28 23:24:34.517094+03	7	Mertcan Ercan	1	[{"added": {}}, {"added": {"name": "personel row", "object": "Mertcan Ercan Istanbul Kultur University"}}]	7	1
10	2022-10-31 14:19:19.623998+03	20	Hayat Üniversitesi	1	[{"added": {}}]	8	1
11	2022-10-31 14:19:32.848334+03	8	Kadir Hoca	1	[{"added": {}}, {"added": {"name": "personel row", "object": "Kadir Hoca Hayat \\u00dcniversitesi"}}]	7	1
12	2022-11-10 17:17:12.864229+03	6	Ahmet Can	2	[{"changed": {"fields": ["Image"]}}]	7	1
13	2022-11-10 17:20:53.91404+03	6	Ahmet Can	2	[{"changed": {"fields": ["Image"]}}]	7	1
14	2022-11-10 17:22:10.726677+03	8	Kadir Hoca	2	[{"changed": {"fields": ["Image"]}}]	7	1
15	2022-11-10 17:22:25.165698+03	8	Kadir Hoca	2	[{"changed": {"fields": ["Image"]}}]	7	1
16	2022-11-10 17:22:34.330591+03	8	Kadir Hoca	2	[{"changed": {"fields": ["Image"]}}]	7	1
17	2022-11-10 17:24:13.645254+03	8	Kadir Hoca	2	[{"changed": {"fields": ["Image"]}}]	7	1
18	2022-11-10 17:24:20.634609+03	8	Kadir Hoca	2	[{"changed": {"fields": ["Image"]}}]	7	1
19	2022-11-10 17:26:14.71073+03	6	Ahmet Can	2	[{"changed": {"fields": ["Image"]}}]	7	1
20	2022-11-10 17:26:28.436188+03	7	Mertcan Ercan	2	[{"changed": {"fields": ["Image"]}}]	7	1
21	2022-12-02 10:27:21.347549+03	13	Mertcan Can	3		7	1
22	2022-12-02 13:59:48.386844+03	12	Ahmet Fitness	3		7	1
23	2022-12-02 15:27:21.530163+03	14	Mertcan Ercan	1	[{"added": {}}]	7	1
24	2022-12-02 15:27:42.722505+03	15	Ahmet Can	1	[{"added": {}}]	7	1
25	2022-12-02 16:08:54.757168+03	18	Mertcan Ercan	1	[{"added": {}}, {"added": {"name": "personel row", "object": "Mertcan Ercan Istanbul Kultur University"}}]	7	1
26	2022-12-08 16:02:35.05898+03	16	Ege Fitness	2	[{"added": {"name": "personel row", "object": "Ege Fitness King's College London"}}]	7	1
27	2023-01-12 17:54:30.647513+03	20	Hayat Üniversitesi	3		8	1
28	2023-01-12 17:54:30.681249+03	19	test uni	3		8	1
29	2023-01-17 14:05:48.870858+03	484	Adana Alparslan Türkeş Bilim ve Teknoloji Üniversitesi (ATÜ)	1	new through import_export	8	1
30	2023-01-17 14:05:48.882586+03	485	Çukurova Üniversitesi (ÇÜ)	1	new through import_export	8	1
31	2023-01-17 14:05:48.884588+03	486	Adıyaman Üniversitesi (ADYÜ)	1	new through import_export	8	1
32	2023-01-17 14:05:48.886307+03	487	Afyon Kocatepe Üniversitesi (AKÜ)	1	new through import_export	8	1
33	2023-01-17 14:05:48.88731+03	488	Afyonkarahisar Sağlık Bilimleri Üniversitesi (AFSÜ)	1	new through import_export	8	1
34	2023-01-17 14:05:48.888309+03	489	Ağrı İbrahim Çeçen Üniversitesi (AİÇÜ)	1	new through import_export	8	1
35	2023-01-17 14:05:48.890288+03	490	Aksaray Üniversitesi (ASÜ)	1	new through import_export	8	1
36	2023-01-17 14:05:48.891149+03	491	Amasya Üniversitesi	1	new through import_export	8	1
37	2023-01-17 14:05:48.892557+03	492	Jandarma ve Sahil Güvenlik Akademisi(Askeri)	1	new through import_export	8	1
38	2023-01-17 14:05:48.893695+03	493	Ankara Üniversitesi (AÜ)	1	new through import_export	8	1
39	2023-01-17 14:05:48.894748+03	494	Ankara Müzik ve Güzel Sanatlar Üniversitesi (MGÜ)	1	new through import_export	8	1
40	2023-01-17 14:05:48.895795+03	495	Ankara Hacı Bayram Veli Üniversitesi (AHBVÜ)	1	new through import_export	8	1
41	2023-01-17 14:05:48.896844+03	496	Ankara Sosyal Bilimler Üniversitesi (ASBÜ)	1	new through import_export	8	1
42	2023-01-17 14:05:48.897853+03	497	Gazi Üniversitesi (GÜ)	1	new through import_export	8	1
43	2023-01-17 14:05:48.898846+03	498	Hacettepe Üniversitesi (HÜ)	1	new through import_export	8	1
44	2023-01-17 14:05:48.900454+03	499	Orta Doğu Teknik Üniversitesi (ODTÜ)	1	new through import_export	8	1
45	2023-01-17 14:05:48.903451+03	500	Ankara Yıldırım Beyazıt Üniversitesi (AYBÜ)	1	new through import_export	8	1
46	2023-01-17 14:05:48.904447+03	501	Polis Akademisi	1	new through import_export	8	1
47	2023-01-17 14:05:48.905447+03	502	Anka Teknoloji Üniversitesi	1	new through import_export	8	1
48	2023-01-17 14:05:48.907445+03	503	Ankara Bilim Üniversitesi	1	new through import_export	8	1
49	2023-01-17 14:05:48.908446+03	504	Ankara Medipol Üniversitesi	1	new through import_export	8	1
50	2023-01-17 14:05:48.910204+03	505	Atılım Üniversitesi	1	new through import_export	8	1
51	2023-01-17 14:05:48.911193+03	506	Başkent Üniversitesi	1	new through import_export	8	1
52	2023-01-17 14:05:48.913208+03	507	Çankaya Üniversitesi	1	new through import_export	8	1
53	2023-01-17 14:05:48.915193+03	508	İhsan Doğramacı Bilkent Üniversitesi	1	new through import_export	8	1
54	2023-01-17 14:05:48.91619+03	509	Lokman Hekim Üniversitesi	1	new through import_export	8	1
55	2023-01-17 14:05:48.918191+03	510	Ostim Teknik Üniversitesi	1	new through import_export	8	1
56	2023-01-17 14:05:48.919191+03	511	TED Üniversitesi	1	new through import_export	8	1
57	2023-01-17 14:05:48.920191+03	512	TOBB Ekonomi ve Teknoloji Üniversitesi	1	new through import_export	8	1
58	2023-01-17 14:05:48.922186+03	513	Ufuk Üniversitesi	1	new through import_export	8	1
59	2023-01-17 14:05:48.923187+03	514	Türk Hava Kurumu Üniversitesi	1	new through import_export	8	1
60	2023-01-17 14:05:48.925187+03	515	Yüksek İhtisas Üniversitesi	1	new through import_export	8	1
61	2023-01-17 14:05:48.926183+03	516	Akdeniz Üniversitesi (AKDÜ)	1	new through import_export	8	1
62	2023-01-17 14:05:48.927187+03	517	Alanya Alaaddin Keykubat Üniversitesi (ALKÜ)	1	new through import_export	8	1
63	2023-01-17 14:05:48.928182+03	518	Alanya Hamdullah Emin Paşa Üniversitesi	1	new through import_export	8	1
64	2023-01-17 14:05:48.930226+03	519	Antalya Akev Üniversitesi	1	new through import_export	8	1
65	2023-01-17 14:05:48.931222+03	520	Antalya Bilim Üniversitesi	1	new through import_export	8	1
66	2023-01-17 14:05:48.93322+03	521	Ardahan Üniversitesi (ARÜ)	1	new through import_export	8	1
67	2023-01-17 14:05:48.934221+03	522	Artvin Çoruh Üniversitesi (AÇÜ)	1	new through import_export	8	1
68	2023-01-17 14:05:48.936218+03	523	Aydın Adnan Menderes Üniversitesi (ADÜ)	1	new through import_export	8	1
69	2023-01-17 14:05:48.937218+03	524	Balıkesir Üniversitesi (BAÜN)	1	new through import_export	8	1
70	2023-01-17 14:05:48.940427+03	525	Bandırma Onyedi Eylül Üniversitesi (BANÜ)	1	new through import_export	8	1
71	2023-01-17 14:05:48.941418+03	526	Bartın Üniversitesi	1	new through import_export	8	1
72	2023-01-17 14:05:48.943417+03	527	Batman Üniversitesi (BATÜ)	1	new through import_export	8	1
73	2023-01-17 14:05:48.944416+03	528	Bayburt Üniversitesi (BAYÜ)	1	new through import_export	8	1
74	2023-01-17 14:05:48.945419+03	529	Bilecik Şeyh Edebali Üniversitesi (BŞEÜ)	1	new through import_export	8	1
75	2023-01-17 14:05:48.946416+03	530	Bingöl Üniversitesi (BÜ)	1	new through import_export	8	1
76	2023-01-17 14:05:48.948417+03	531	Bitlis Eren Üniversitesi (BEÜ)	1	new through import_export	8	1
77	2023-01-17 14:05:48.949419+03	532	Bolu Abant İzzet Baysal Üniversitesi (AİBÜ)	1	new through import_export	8	1
78	2023-01-17 14:05:48.951409+03	533	Burdur Mehmet Akif Ersoy Üniversitesi (MAKÜ)	1	new through import_export	8	1
79	2023-01-17 14:05:48.952409+03	534	Bursa Teknik Üniversitesi (BTÜ)	1	new through import_export	8	1
80	2023-01-17 14:05:48.95343+03	535	Bursa Uludağ Üniversitesi (BUÜ)	1	new through import_export	8	1
81	2023-01-17 14:05:48.955051+03	536	Mudanya Üniversitesi	1	new through import_export	8	1
82	2023-01-17 14:05:48.956027+03	537	Çanakkale Onsekiz Mart Üniversitesi (ÇOMÜ)	1	new through import_export	8	1
83	2023-01-17 14:05:48.956959+03	538	Çankırı Karatekin Üniversitesi (ÇAKÜ)	1	new through import_export	8	1
84	2023-01-17 14:05:48.957962+03	539	Hitit Üniversitesi (HİTÜ)	1	new through import_export	8	1
85	2023-01-17 14:05:48.958966+03	540	Pamukkale Üniversitesi (PAÜ)	1	new through import_export	8	1
86	2023-01-17 14:05:48.959961+03	541	Dicle Üniversitesi (DÜ)	1	new through import_export	8	1
87	2023-01-17 14:05:48.960875+03	542	Düzce Üniversitesi (DÜ)	1	new through import_export	8	1
88	2023-01-17 14:05:48.962668+03	543	Trakya Üniversitesi (TÜ)	1	new through import_export	8	1
89	2023-01-17 14:05:48.963699+03	544	Fırat Üniversitesi (FÜ)	1	new through import_export	8	1
90	2023-01-17 14:05:48.964667+03	545	Erzincan Binali Yıldırım Üniversitesi (EBYÜ)	1	new through import_export	8	1
91	2023-01-17 14:05:48.96563+03	546	Atatürk Üniversitesi (ATAÜNİ)	1	new through import_export	8	1
92	2023-01-17 14:05:48.966581+03	547	Erzurum Teknik Üniversitesi (ETÜ)	1	new through import_export	8	1
93	2023-01-17 14:05:48.967585+03	548	Anadolu Üniversitesi (ANAÜ)	1	new through import_export	8	1
94	2023-01-17 14:05:48.96943+03	549	Eskişehir Osmangazi Üniversitesi (ESOGÜ)	1	new through import_export	8	1
95	2023-01-17 14:05:48.970602+03	550	Eskişehir Teknik Üniversitesi (ESTÜ)	1	new through import_export	8	1
96	2023-01-17 14:05:48.971663+03	551	Gaziantep Üniversitesi (GAÜN)	1	new through import_export	8	1
97	2023-01-17 14:05:48.97266+03	552	Gaziantep İslam Bilim ve Teknoloji Üniversitesi (GİBTÜ)	1	new through import_export	8	1
98	2023-01-17 14:05:48.973642+03	553	Hasan Kalyoncu Üniversitesi	1	new through import_export	8	1
99	2023-01-17 14:05:48.97461+03	554	Sanko Üniversitesi	1	new through import_export	8	1
100	2023-01-17 14:05:48.975568+03	555	Giresun Üniversitesi (GRÜ)	1	new through import_export	8	1
101	2023-01-17 14:05:48.976571+03	556	Gümüşhane Üniversitesi (GŞÜ)	1	new through import_export	8	1
102	2023-01-17 14:05:48.977572+03	557	Hakkari Üniversitesi	1	new through import_export	8	1
103	2023-01-17 14:05:48.979247+03	558	İskenderun Teknik Üniversitesi (İSTE)	1	new through import_export	8	1
104	2023-01-17 14:05:48.98028+03	559	Hatay Mustafa Kemal Üniversitesi (MKÜ)	1	new through import_export	8	1
105	2023-01-17 14:05:48.981313+03	560	Iğdır Üniversitesi (IĞDÜ)	1	new through import_export	8	1
106	2023-01-17 14:05:48.982308+03	561	Süleyman Demirel Üniversitesi (SDÜ)	1	new through import_export	8	1
107	2023-01-17 14:05:48.983311+03	562	Isparta Uygulamalı Bilimler Üniversitesi (ISUBÜ)	1	new through import_export	8	1
108	2023-01-17 14:05:48.984681+03	563	Boğaziçi Üniversitesi (BOÜN)	1	new through import_export	8	1
109	2023-01-17 14:05:48.985692+03	564	Galatasaray Üniversitesi (GSÜ)	1	new through import_export	8	1
110	2023-01-17 14:05:48.986691+03	565	İstanbul Medeniyet Üniversitesi (İMÜ)	1	new through import_export	8	1
111	2023-01-17 14:05:48.98769+03	566	İstanbul Teknik Üniversitesi (İTÜ)	1	new through import_export	8	1
112	2023-01-17 14:05:48.98869+03	567	İstanbul Üniversitesi (İÜ)	1	new through import_export	8	1
113	2023-01-17 14:05:48.989606+03	568	İstanbul Üniversitesi-Cerrahpaşa (İÜC)	1	new through import_export	8	1
114	2023-01-17 14:05:48.991327+03	569	Marmara Üniversitesi (MÜ)	1	new through import_export	8	1
115	2023-01-17 14:05:48.992331+03	570	Milli Savunma Üniversitesi (Askerî) (MSÜ)	1	new through import_export	8	1
116	2023-01-17 14:05:48.993328+03	571	Mimar Sinan Güzel Sanatlar Üniversitesi (MSGSÜ)	1	new through import_export	8	1
117	2023-01-17 14:05:48.994505+03	572	Türkiye Uluslararası İslam, Bilim ve Teknoloji Üniversitesi	1	new through import_export	8	1
118	2023-01-17 14:05:48.995529+03	573	Türk-Alman Üniversitesi (TAÜ)	1	new through import_export	8	1
119	2023-01-17 14:05:48.997147+03	574	Türk-Japon Bilim ve Teknoloji Üniversitesi (TJÜ)	1	new through import_export	8	1
120	2023-01-17 14:05:48.998137+03	575	Sağlık Bilimleri Üniversitesi (SBÜ)	1	new through import_export	8	1
121	2023-01-17 14:05:48.99914+03	576	Yıldız Teknik Üniversitesi (YTÜ)	1	new through import_export	8	1
122	2023-01-17 14:05:49.000174+03	577	Acıbadem Üniversitesi	1	new through import_export	8	1
123	2023-01-17 14:05:49.001139+03	578	Bahçeşehir Üniversitesi	1	new through import_export	8	1
124	2023-01-17 14:05:49.003138+03	579	Beykent Üniversitesi	1	new through import_export	8	1
125	2023-01-17 14:05:49.006139+03	580	Bezmialem Vakıf Üniversitesi	1	new through import_export	8	1
126	2023-01-17 14:05:49.007152+03	581	Biruni Üniversitesi	1	new through import_export	8	1
127	2023-01-17 14:05:49.008942+03	582	Doğuş Üniversitesi	1	new through import_export	8	1
128	2023-01-17 14:05:49.010916+03	583	Fatih Sultan Mehmet Üniversitesi	1	new through import_export	8	1
129	2023-01-17 14:05:49.012935+03	584	Fenerbahçe Üniversitesi	1	new through import_export	8	1
130	2023-01-17 14:05:49.013911+03	585	Haliç Üniversitesi	1	new through import_export	8	1
131	2023-01-17 14:05:49.01491+03	586	Işık Üniversitesi	1	new through import_export	8	1
132	2023-01-17 14:05:49.015909+03	587	İbn Haldun Üniversitesi	1	new through import_export	8	1
133	2023-01-17 14:05:49.017932+03	588	İstanbul 29 Mayıs Üniversitesi	1	new through import_export	8	1
134	2023-01-17 14:05:49.018908+03	589	Altınbaş Üniversitesi	1	new through import_export	8	1
135	2023-01-17 14:05:49.020714+03	590	İstanbul Arel Üniversitesi	1	new through import_export	8	1
136	2023-01-17 14:05:49.02189+03	591	İstanbul Atlas Üniversitesi	1	new through import_export	8	1
137	2023-01-17 14:05:49.022881+03	592	İstanbul Aydın Üniversitesi	1	new through import_export	8	1
138	2023-01-17 14:05:49.023883+03	593	Beykoz Üniversitesi	1	new through import_export	8	1
139	2023-01-17 14:05:49.024885+03	594	İstanbul Bilgi Üniversitesi	1	new through import_export	8	1
140	2023-01-17 14:05:49.025882+03	595	İstanbul Galata Üniversitesi	1	new through import_export	8	1
141	2023-01-17 14:05:49.026882+03	596	Demiroğlu Bilim Üniversitesi	1	new through import_export	8	1
142	2023-01-17 14:05:49.027881+03	597	İstanbul Ticaret Üniversitesi	1	new through import_export	8	1
143	2023-01-17 14:05:49.028881+03	598	İstanbul Esenyurt Üniversitesi	1	new through import_export	8	1
144	2023-01-17 14:05:49.029879+03	599	İstanbul Gedik Üniversitesi	1	new through import_export	8	1
145	2023-01-17 14:05:49.031089+03	600	İstanbul Gelişim Üniversitesi	1	new through import_export	8	1
146	2023-01-17 14:05:49.032021+03	601	İstanbul Kent Üniversitesi	1	new through import_export	8	1
147	2023-01-17 14:05:49.033024+03	602	İstanbul Kültür Üniversitesi	1	new through import_export	8	1
148	2023-01-17 14:05:49.034024+03	603	İstanbul Medipol Üniversitesi	1	new through import_export	8	1
149	2023-01-17 14:05:49.035023+03	604	İstanbul Okan Üniversitesi	1	new through import_export	8	1
150	2023-01-17 14:05:49.036022+03	605	İstanbul Rumeli Üniversitesi	1	new through import_export	8	1
151	2023-01-17 14:05:49.037021+03	606	İstanbul Sabahattin Zaim Üniversitesi	1	new through import_export	8	1
152	2023-01-17 14:05:49.039022+03	607	İstanbul Topkapı Üniversitesi	1	new through import_export	8	1
153	2023-01-17 14:05:49.04002+03	608	İstinye Üniversitesi	1	new through import_export	8	1
154	2023-01-17 14:05:49.041167+03	609	Kadir Has Üniversitesi	1	new through import_export	8	1
155	2023-01-17 14:05:49.042183+03	610	Koç Üniversitesi	1	new through import_export	8	1
156	2023-01-17 14:05:49.043163+03	611	Maltepe Üniversitesi	1	new through import_export	8	1
157	2023-01-17 14:05:49.04413+03	612	MEF Üniversitesi	1	new through import_export	8	1
158	2023-01-17 14:05:49.045097+03	613	Nişantaşı Üniversitesi	1	new through import_export	8	1
159	2023-01-17 14:05:49.046063+03	614	Özyeğin Üniversitesi	1	new through import_export	8	1
160	2023-01-17 14:05:49.04703+03	615	Piri Reis Üniversitesi	1	new through import_export	8	1
161	2023-01-17 14:05:49.048032+03	616	Sabancı Üniversitesi	1	new through import_export	8	1
162	2023-01-17 14:05:49.049031+03	617	İstanbul Sağlık ve Teknoloji Üniversitesi	1	new through import_export	8	1
163	2023-01-17 14:05:49.050031+03	618	Üsküdar Üniversitesi	1	new through import_export	8	1
164	2023-01-17 14:05:49.051305+03	619	Yeditepe Üniversitesi	1	new through import_export	8	1
165	2023-01-17 14:05:49.052353+03	620	Yeni Yüzyıl Üniversitesi	1	new through import_export	8	1
166	2023-01-17 14:05:49.053354+03	621	Dokuz Eylül Üniversitesi (DEÜ)	1	new through import_export	8	1
167	2023-01-17 14:05:49.054357+03	622	Ege Üniversitesi (EÜ)	1	new through import_export	8	1
168	2023-01-17 14:05:49.055356+03	623	İzmir Yüksek Teknoloji Enstitüsü (İYTE)	1	new through import_export	8	1
169	2023-01-17 14:05:49.05695+03	624	İzmir Kâtip Çelebi Üniversitesi (İKÇÜ)	1	new through import_export	8	1
170	2023-01-17 14:05:49.057953+03	625	İzmir Bakırçay Üniversitesi	1	new through import_export	8	1
171	2023-01-17 14:05:49.058953+03	626	İzmir Demokrasi Üniversitesi (İDÜ)	1	new through import_export	8	1
172	2023-01-17 14:05:49.059499+03	627	İzmir Ekonomi Üniversitesi	1	new through import_export	8	1
173	2023-01-17 14:05:49.061059+03	628	İzmir Tınaztepe Üniversitesi	1	new through import_export	8	1
174	2023-01-17 14:05:49.062059+03	629	Yaşar Üniversitesi	1	new through import_export	8	1
175	2023-01-17 14:05:49.063048+03	630	Kahramanmaraş Sütçü İmam Üniversitesi (KSÜ)	1	new through import_export	8	1
176	2023-01-17 14:05:49.064035+03	631	Kahramanmaraş İstiklal Üniversitesi (KİÜ)	1	new through import_export	8	1
177	2023-01-17 14:05:49.065025+03	632	Karabük Üniversitesi (KBÜ)	1	new through import_export	8	1
178	2023-01-17 14:05:49.066028+03	633	Karamanoğlu Mehmetbey Üniversitesi (KMÜ)	1	new through import_export	8	1
179	2023-01-17 14:05:49.067028+03	634	Kafkas Üniversitesi (KAÜ)	1	new through import_export	8	1
180	2023-01-17 14:05:49.068027+03	635	Kastamonu Üniversitesi (KÜ)	1	new through import_export	8	1
181	2023-01-17 14:05:49.069026+03	636	Abdullah Gül Üniversitesi (AGÜ)	1	new through import_export	8	1
182	2023-01-17 14:05:49.070095+03	637	Erciyes Üniversitesi (ERÜ)	1	new through import_export	8	1
183	2023-01-17 14:05:49.07109+03	638	Kayseri Üniversitesi (KAYÜ)	1	new through import_export	8	1
184	2023-01-17 14:05:49.073089+03	639	Nuh Naci Yazgan Üniversitesi	1	new through import_export	8	1
185	2023-01-17 14:05:49.075168+03	640	Kırıkkale Üniversitesi (KKÜ)	1	new through import_export	8	1
186	2023-01-17 14:05:49.076285+03	641	Kırklareli Üniversitesi (KLÜ)	1	new through import_export	8	1
187	2023-01-17 14:05:49.077287+03	642	Kırşehir Ahi Evran Üniversitesi (KAEÜ)	1	new through import_export	8	1
188	2023-01-17 14:05:49.078288+03	643	Kilis 7 Aralık Üniversitesi (KİYÜ)	1	new through import_export	8	1
189	2023-01-17 14:05:49.07928+03	644	Gebze Teknik Üniversitesi (GTÜ)	1	new through import_export	8	1
190	2023-01-17 14:05:49.080136+03	645	Kocaeli Üniversitesi (KOÜ)	1	new through import_export	8	1
191	2023-01-17 14:05:49.081138+03	646	Kocaeli Sağlık ve Teknoloji Üniversitesi	1	new through import_export	8	1
192	2023-01-17 14:05:49.082137+03	647	Konya Teknik Üniversitesi (KTÜN)	1	new through import_export	8	1
193	2023-01-17 14:05:49.083144+03	648	Necmettin Erbakan Üniversitesi (NEÜ)	1	new through import_export	8	1
194	2023-01-17 14:05:49.084147+03	649	Selçuk Üniversitesi (SÜ)	1	new through import_export	8	1
195	2023-01-17 14:05:49.085146+03	650	Konya Gıda ve Tarım Üniversitesi	1	new through import_export	8	1
196	2023-01-17 14:05:49.086967+03	651	KTO Karatay Üniversitesi	1	new through import_export	8	1
197	2023-01-17 14:05:49.087972+03	652	Kütahya Dumlupınar Üniversitesi (DPÜ)	1	new through import_export	8	1
198	2023-01-17 14:05:49.08897+03	653	Kütahya Sağlık Bilimleri Üniversitesi (KSBÜ)	1	new through import_export	8	1
199	2023-01-17 14:05:49.08954+03	654	İnönü Üniversitesi (İNÜ)	1	new through import_export	8	1
200	2023-01-17 14:05:49.091323+03	655	Malatya Turgut Özal Üniversitesi (MTÜ)	1	new through import_export	8	1
201	2023-01-17 14:05:49.092287+03	656	Manisa Celal Bayar Üniversitesi (MCBÜ)	1	new through import_export	8	1
202	2023-01-17 14:05:49.093834+03	657	Mardin Artuklu Üniversitesi (MAÜ)	1	new through import_export	8	1
203	2023-01-17 14:05:49.094817+03	658	Mersin Üniversitesi (MEÜ)	1	new through import_export	8	1
204	2023-01-17 14:05:49.095855+03	659	Tarsus Üniversitesi	1	new through import_export	8	1
205	2023-01-17 14:05:49.096843+03	660	Çağ Üniversitesi	1	new through import_export	8	1
206	2023-01-17 14:05:49.097846+03	661	Toros Üniversitesi	1	new through import_export	8	1
207	2023-01-17 14:05:49.098844+03	662	Muğla Sıtkı Koçman Üniversitesi (MSKÜ)	1	new through import_export	8	1
208	2023-01-17 14:05:49.099843+03	663	Muş Alparslan Üniversitesi (MŞÜ)	1	new through import_export	8	1
209	2023-01-17 14:05:49.100844+03	664	Nevşehir Hacı Bektaş Veli Üniversitesi (NEVÜ)	1	new through import_export	8	1
210	2023-01-17 14:05:49.102396+03	665	Kapadokya Üniversitesi	1	new through import_export	8	1
211	2023-01-17 14:05:49.103412+03	666	Niğde Ömer Halisdemir Üniversitesi (OHÜ)	1	new through import_export	8	1
212	2023-01-17 14:05:49.104439+03	667	Ordu Üniversitesi (ODÜ)	1	new through import_export	8	1
213	2023-01-17 14:05:49.105447+03	668	Osmaniye Korkut Ata Üniversitesi (OKÜ)	1	new through import_export	8	1
214	2023-01-17 14:05:49.106449+03	669	Recep Tayyip Erdoğan Üniversitesi (RTEÜ)	1	new through import_export	8	1
215	2023-01-17 14:05:49.107449+03	670	Sakarya Üniversitesi (SAÜ)	1	new through import_export	8	1
216	2023-01-17 14:05:49.108448+03	671	Sakarya Uygulamalı Bilimler Üniversitesi	1	new through import_export	8	1
217	2023-01-17 14:05:49.109042+03	672	Ondokuz Mayıs Üniversitesi (OMÜ)	1	new through import_export	8	1
218	2023-01-17 14:05:49.111308+03	673	Samsun Üniversitesi (SAMÜ)	1	new through import_export	8	1
219	2023-01-17 14:05:49.112364+03	674	Siirt Üniversitesi (SİÜ)	1	new through import_export	8	1
220	2023-01-17 14:05:49.113391+03	675	Sinop Üniversitesi (SNÜ)	1	new through import_export	8	1
221	2023-01-17 14:05:49.114391+03	676	Sivas Cumhuriyet Üniversitesi (SCÜ)	1	new through import_export	8	1
222	2023-01-17 14:05:49.115373+03	677	Sivas Bilim ve Teknoloji Üniversitesi (SBTÜ)	1	new through import_export	8	1
223	2023-01-17 14:05:49.116376+03	678	Harran Üniversitesi (HRÜ)	1	new through import_export	8	1
224	2023-01-17 14:05:49.117375+03	679	Şırnak Üniversitesi (ŞÜ)	1	new through import_export	8	1
225	2023-01-17 14:05:49.119375+03	680	Tekirdağ Namık Kemal Üniversitesi (NKÜ)	1	new through import_export	8	1
226	2023-01-17 14:05:49.120908+03	681	Tokat Gaziosmanpaşa Üniversitesi (TOGÜ)	1	new through import_export	8	1
227	2023-01-17 14:05:49.12195+03	682	Karadeniz Teknik Üniversitesi (KTÜ)	1	new through import_export	8	1
228	2023-01-17 14:05:49.122935+03	683	Trabzon Üniversitesi (TRÜ)	1	new through import_export	8	1
229	2023-01-17 14:05:49.1239+03	684	Avrasya Üniversitesi	1	new through import_export	8	1
230	2023-01-17 14:05:49.124948+03	685	Munzur Üniversitesi (MUNÜ)	1	new through import_export	8	1
231	2023-01-17 14:05:49.12592+03	686	Uşak Üniversitesi (UÜ)	1	new through import_export	8	1
232	2023-01-17 14:05:49.126888+03	687	Van Yüzüncü Yıl Üniversitesi (YYÜ)	1	new through import_export	8	1
233	2023-01-17 14:05:49.127893+03	688	Yalova Üniversitesi (YÜ)	1	new through import_export	8	1
234	2023-01-17 14:05:49.128908+03	689	Yozgat Bozok Üniversitesi (YOBÜ)	1	new through import_export	8	1
235	2023-01-17 14:05:49.130893+03	690	Zonguldak Bülent Ecevit Üniversitesi (BEÜN)	1	new through import_export	8	1
236	2023-01-31 13:11:54.51279+03	26	Ahmet Can	2	[{"added": {"name": "personel row", "object": "Ahmet Can King's College London"}}]	7	1
237	2023-01-31 13:14:28.031213+03	26	Ahmet Can	2	[{"changed": {"name": "personel row", "object": "Ahmet Can Tekirda\\u011f Nam\\u0131k Kemal \\u00dcniversitesi (NK\\u00dc)", "fields": ["School"]}}, {"changed": {"name": "personel row", "object": "Ahmet Can Avrasya \\u00dcniversitesi", "fields": ["School"]}}]	7	1
238	2023-01-31 13:16:08.794646+03	26	Ahmet Can	2	[]	7	1
239	2023-01-31 13:16:23.919536+03	26	Ahmet Can	2	[{"deleted": {"name": "personel row", "object": "Ahmet Can {'id': 'Istanbul Kultur University'}"}}, {"deleted": {"name": "personel row", "object": "Ahmet Can {'id': 'Istanbul Kultur University'}"}}, {"deleted": {"name": "personel row", "object": "Ahmet Can {'id': 'Bitlis Eren \\u00dcniversitesi (BE\\u00dc)'}"}}]	7	1
240	2023-01-31 13:16:33.875414+03	26	Ahmet Can	2	[{"added": {"name": "personel row", "object": "Ahmet Can Ankara Hac\\u0131 Bayram Veli \\u00dcniversitesi (AHBV\\u00dc)"}}]	7	1
241	2023-01-31 13:20:15.308436+03	26	Ahmet Can	2	[{"deleted": {"name": "personel row", "object": "Ahmet Can {'id': 'Gazi \\u00dcniversitesi (G\\u00dc)'}"}}]	7	1
242	2023-02-23 13:27:24.579018+03	698	{'id': '492'}	3		8	1
243	2023-02-23 13:27:24.64793+03	697	{'id': 'Ankara Müzik ve Güzel Sanatlar Üniversitesi (MGÜ)'}	3		8	1
244	2023-02-23 13:27:24.651471+03	696	{'id': 'Gazi Üniversitesi (GÜ)'}	3		8	1
245	2023-02-23 13:27:24.652692+03	695	{'id': 'Bitlis Eren Üniversitesi (BEÜ)'}	3		8	1
246	2023-02-23 13:27:24.653934+03	694	{'id': 'Istanbul Kultur University'}	3		8	1
247	2023-02-23 13:27:24.655074+03	693	{'id': '491'}	3		8	1
248	2023-02-23 13:27:24.656191+03	692	{'id': '1'}	3		8	1
\.


--
-- Data for Name: django_content_type; Type: TABLE DATA; Schema: public; Owner: postgres
--

COPY public.django_content_type (id, app_label, model) FROM stdin;
1	admin	logentry
2	auth	permission
3	auth	group
4	auth	user
5	contenttypes	contenttype
6	sessions	session
7	personel	personel
8	personel	personaleducation
9	personel	personelrow
10	csvimport	csvimport
11	csvimport	importmodel
\.


--
-- Data for Name: django_migrations; Type: TABLE DATA; Schema: public; Owner: postgres
--

COPY public.django_migrations (id, app, name, applied) FROM stdin;
1	contenttypes	0001_initial	2022-10-28 18:24:03.419069+03
2	auth	0001_initial	2022-10-28 18:24:03.575329+03
3	admin	0001_initial	2022-10-28 18:24:03.606539+03
4	admin	0002_logentry_remove_auto_add	2022-10-28 18:24:03.606539+03
5	admin	0003_logentry_add_action_flag_choices	2022-10-28 18:24:03.622162+03
6	contenttypes	0002_remove_content_type_name	2022-10-28 18:24:03.637787+03
7	auth	0002_alter_permission_name_max_length	2022-10-28 18:24:03.653411+03
8	auth	0003_alter_user_email_max_length	2022-10-28 18:24:03.669056+03
9	auth	0004_alter_user_username_opts	2022-10-28 18:24:03.669056+03
10	auth	0005_alter_user_last_login_null	2022-10-28 18:24:03.684675+03
11	auth	0006_require_contenttypes_0002	2022-10-28 18:24:03.684675+03
12	auth	0007_alter_validators_add_error_messages	2022-10-28 18:24:03.700303+03
13	auth	0008_alter_user_username_max_length	2022-10-28 18:24:03.715926+03
14	auth	0009_alter_user_last_name_max_length	2022-10-28 18:24:03.73153+03
15	auth	0010_alter_group_name_max_length	2022-10-28 18:24:03.73153+03
16	auth	0011_update_proxy_permissions	2022-10-28 18:24:03.747172+03
17	auth	0012_alter_user_first_name_max_length	2022-10-28 18:24:03.762799+03
18	personel	0001_initial	2022-10-28 18:24:03.794026+03
19	sessions	0001_initial	2022-10-28 18:24:03.825276+03
20	personel	0002_alter_personel_address_alter_personel_email_and_more	2022-10-28 20:08:06.344187+03
21	personel	0003_remove_personaleducation_personel_personelrow	2022-10-28 21:42:15.589871+03
22	personel	0004_remove_personaleducation_end_date_and_more	2022-10-28 23:01:24.029138+03
23	personel	0005_alter_personelrow_personel	2022-10-28 23:22:30.725026+03
24	personel	0006_rename_end_date_personelrow_school_end_date_and_more	2022-10-29 23:33:22.358917+03
25	personel	0007_alter_personel_image_alter_personel_phone_and_more	2022-11-24 18:13:36.398413+03
26	csvimport	0001_initial	2023-01-16 17:35:57.684313+03
27	personel	0008_alter_personaleducation_school	2023-01-17 14:05:16.312296+03
\.


--
-- Data for Name: django_session; Type: TABLE DATA; Schema: public; Owner: postgres
--

COPY public.django_session (session_key, session_data, expire_date) FROM stdin;
4ccl6arhgy305pmel4l3mqrai7191r3g	.eJxVjMsOwiAQRf-FtSEMDwsu3fcbyAxMpWogKe3K-O_apAvd3nPOfYmI21ri1nmJcxYXAeL0uxGmB9cd5DvWW5Op1XWZSe6KPGiXY8v8vB7u30HBXr510laxy8BncgSBDQ8qMBP6QABm8iaxdxNo8uCUzclw0EiKB6uDU168P-88N80:1ooREp:KTgDCF-432WBuMO_9pctaUlDxuHB6jTzAEtsgagY7dQ	2022-11-11 18:25:39.761071+03
9kzvrcug3nq6xdw3nk6ht8eoriptnjqs	.eJxVjMsOwiAQRf-FtSEMDwsu3fcbyAxMpWogKe3K-O_apAvd3nPOfYmI21ri1nmJcxYXAeL0uxGmB9cd5DvWW5Op1XWZSe6KPGiXY8v8vB7u30HBXr510laxy8BncgSBDQ8qMBP6QABm8iaxdxNo8uCUzclw0EiKB6uDU168P-88N80:1ox1yx:mdbHtrrew_JlTFyQhtShmeg5O8EbjAphPZ1J3L094Hc	2022-12-05 11:16:47.527953+03
vqutpysz82uh9agm8eir206pg4e9cwpm	.eJxVjMsOwiAQRf-FtSEMDwsu3fcbyAxMpWogKe3K-O_apAvd3nPOfYmI21ri1nmJcxYXAeL0uxGmB9cd5DvWW5Op1XWZSe6KPGiXY8v8vB7u30HBXr510laxy8BncgSBDQ8qMBP6QABm8iaxdxNo8uCUzclw0EiKB6uDU168P-88N80:1p26t2:BvInfu9R2Vg1EzjX-WbCx5l64RGAbLVyLM1vE65FGb4	2022-12-19 11:31:40.636433+03
z9lj7cu3x677iwq9lvjnkejnuhj61opi	.eJxVjMsOwiAQRf-FtSEMDwsu3fcbyAxMpWogKe3K-O_apAvd3nPOfYmI21ri1nmJcxYXAeL0uxGmB9cd5DvWW5Op1XWZSe6KPGiXY8v8vB7u30HBXr510laxy8BncgSBDQ8qMBP6QABm8iaxdxNo8uCUzclw0EiKB6uDU168P-88N80:1p8fdD:b5FNTFJ6fWUFGYLZCZ4hjn8KhKuuNVpwXuGi9Cqy_sw	2023-01-06 13:50:27.870366+03
5nkkry2aaodhkfc36qzu86jdyirehe7p	.eJxVjMsOwiAQRf-FtSEMDwsu3fcbyAxMpWogKe3K-O_apAvd3nPOfYmI21ri1nmJcxYXAeL0uxGmB9cd5DvWW5Op1XWZSe6KPGiXY8v8vB7u30HBXr510laxy8BncgSBDQ8qMBP6QABm8iaxdxNo8uCUzclw0EiKB6uDU168P-88N80:1pEpAr:om93I9LDOH24eLMGSm5nrd4_5GGOySzlpd-aQTQQLk8	2023-01-23 13:14:37.93743+03
lvyyon5zn5bp9juvhqf25lyx8dhjymk8	.eJxVjMsOwiAQRf-FtSEMDwsu3fcbyAxMpWogKe3K-O_apAvd3nPOfYmI21ri1nmJcxYXAeL0uxGmB9cd5DvWW5Op1XWZSe6KPGiXY8v8vB7u30HBXr510laxy8BncgSBDQ8qMBP6QABm8iaxdxNo8uCUzclw0EiKB6uDU168P-88N80:1pKygb:TisYq-q883i611qso-0oj_9-4da67pgsVjRWxjxCI3Q	2023-02-09 12:36:49.494628+03
twme78tszm6on99jcw21o7i3y0r6pdoi	.eJxVjMsOwiAQRf-FtSEMDwsu3fcbyAxMpWogKe3K-O_apAvd3nPOfYmI21ri1nmJcxYXAeL0uxGmB9cd5DvWW5Op1XWZSe6KPGiXY8v8vB7u30HBXr510laxy8BncgSBDQ8qMBP6QABm8iaxdxNo8uCUzclw0EiKB6uDU168P-88N80:1pQPzw:2klH1xuvtXwlLQbLQaRxa7oTW2fFhuJvxBCCMvdLyPs	2023-02-24 12:47:16.018791+03
od9vykjp6l31czckxj64s5i75pq55xe6	.eJxVjMsOwiAQRf-FtSEMDwsu3fcbyAxMpWogKe3K-O_apAvd3nPOfYmI21ri1nmJcxYXAeL0uxGmB9cd5DvWW5Op1XWZSe6KPGiXY8v8vB7u30HBXr510laxy8BncgSBDQ8qMBP6QABm8iaxdxNo8uCUzclw0EiKB6uDU168P-88N80:1pWcVw:oazHVcX42ZYASpvKqodrPfCDmzOCyOoS3iEDsOL3FfY	2023-03-13 15:21:56.39865+03
\.


--
-- Data for Name: personel_personaleducation; Type: TABLE DATA; Schema: public; Owner: postgres
--

COPY public.personel_personaleducation (id, school) FROM stdin;
1	Istanbul Kultur University
2	King's College London
484	Adana Alparslan Türkeş Bilim ve Teknoloji Üniversitesi (ATÜ)
485	Çukurova Üniversitesi (ÇÜ)
21	Kensigton University
22	Kültür Üniversitesi
486	Adıyaman Üniversitesi (ADYÜ)
487	Afyon Kocatepe Üniversitesi (AKÜ)
488	Afyonkarahisar Sağlık Bilimleri Üniversitesi (AFSÜ)
489	Ağrı İbrahim Çeçen Üniversitesi (AİÇÜ)
490	Aksaray Üniversitesi (ASÜ)
491	Amasya Üniversitesi
492	Jandarma ve Sahil Güvenlik Akademisi(Askeri)
493	Ankara Üniversitesi (AÜ)
494	Ankara Müzik ve Güzel Sanatlar Üniversitesi (MGÜ)
495	Ankara Hacı Bayram Veli Üniversitesi (AHBVÜ)
496	Ankara Sosyal Bilimler Üniversitesi (ASBÜ)
497	Gazi Üniversitesi (GÜ)
498	Hacettepe Üniversitesi (HÜ)
499	Orta Doğu Teknik Üniversitesi (ODTÜ)
500	Ankara Yıldırım Beyazıt Üniversitesi (AYBÜ)
501	Polis Akademisi
502	Anka Teknoloji Üniversitesi
503	Ankara Bilim Üniversitesi
504	Ankara Medipol Üniversitesi
505	Atılım Üniversitesi
506	Başkent Üniversitesi
507	Çankaya Üniversitesi
508	İhsan Doğramacı Bilkent Üniversitesi
509	Lokman Hekim Üniversitesi
510	Ostim Teknik Üniversitesi
511	TED Üniversitesi
512	TOBB Ekonomi ve Teknoloji Üniversitesi
513	Ufuk Üniversitesi
514	Türk Hava Kurumu Üniversitesi
515	Yüksek İhtisas Üniversitesi
516	Akdeniz Üniversitesi (AKDÜ)
517	Alanya Alaaddin Keykubat Üniversitesi (ALKÜ)
518	Alanya Hamdullah Emin Paşa Üniversitesi
519	Antalya Akev Üniversitesi
520	Antalya Bilim Üniversitesi
521	Ardahan Üniversitesi (ARÜ)
522	Artvin Çoruh Üniversitesi (AÇÜ)
523	Aydın Adnan Menderes Üniversitesi (ADÜ)
524	Balıkesir Üniversitesi (BAÜN)
525	Bandırma Onyedi Eylül Üniversitesi (BANÜ)
526	Bartın Üniversitesi
527	Batman Üniversitesi (BATÜ)
528	Bayburt Üniversitesi (BAYÜ)
529	Bilecik Şeyh Edebali Üniversitesi (BŞEÜ)
530	Bingöl Üniversitesi (BÜ)
531	Bitlis Eren Üniversitesi (BEÜ)
532	Bolu Abant İzzet Baysal Üniversitesi (AİBÜ)
533	Burdur Mehmet Akif Ersoy Üniversitesi (MAKÜ)
534	Bursa Teknik Üniversitesi (BTÜ)
535	Bursa Uludağ Üniversitesi (BUÜ)
536	Mudanya Üniversitesi
537	Çanakkale Onsekiz Mart Üniversitesi (ÇOMÜ)
538	Çankırı Karatekin Üniversitesi (ÇAKÜ)
539	Hitit Üniversitesi (HİTÜ)
540	Pamukkale Üniversitesi (PAÜ)
541	Dicle Üniversitesi (DÜ)
542	Düzce Üniversitesi (DÜ)
543	Trakya Üniversitesi (TÜ)
544	Fırat Üniversitesi (FÜ)
545	Erzincan Binali Yıldırım Üniversitesi (EBYÜ)
546	Atatürk Üniversitesi (ATAÜNİ)
547	Erzurum Teknik Üniversitesi (ETÜ)
548	Anadolu Üniversitesi (ANAÜ)
549	Eskişehir Osmangazi Üniversitesi (ESOGÜ)
550	Eskişehir Teknik Üniversitesi (ESTÜ)
551	Gaziantep Üniversitesi (GAÜN)
552	Gaziantep İslam Bilim ve Teknoloji Üniversitesi (GİBTÜ)
553	Hasan Kalyoncu Üniversitesi
554	Sanko Üniversitesi
555	Giresun Üniversitesi (GRÜ)
556	Gümüşhane Üniversitesi (GŞÜ)
557	Hakkari Üniversitesi
558	İskenderun Teknik Üniversitesi (İSTE)
559	Hatay Mustafa Kemal Üniversitesi (MKÜ)
560	Iğdır Üniversitesi (IĞDÜ)
561	Süleyman Demirel Üniversitesi (SDÜ)
562	Isparta Uygulamalı Bilimler Üniversitesi (ISUBÜ)
563	Boğaziçi Üniversitesi (BOÜN)
564	Galatasaray Üniversitesi (GSÜ)
565	İstanbul Medeniyet Üniversitesi (İMÜ)
566	İstanbul Teknik Üniversitesi (İTÜ)
567	İstanbul Üniversitesi (İÜ)
568	İstanbul Üniversitesi-Cerrahpaşa (İÜC)
569	Marmara Üniversitesi (MÜ)
570	Milli Savunma Üniversitesi (Askerî) (MSÜ)
571	Mimar Sinan Güzel Sanatlar Üniversitesi (MSGSÜ)
572	Türkiye Uluslararası İslam, Bilim ve Teknoloji Üniversitesi
573	Türk-Alman Üniversitesi (TAÜ)
574	Türk-Japon Bilim ve Teknoloji Üniversitesi (TJÜ)
575	Sağlık Bilimleri Üniversitesi (SBÜ)
576	Yıldız Teknik Üniversitesi (YTÜ)
577	Acıbadem Üniversitesi
578	Bahçeşehir Üniversitesi
579	Beykent Üniversitesi
580	Bezmialem Vakıf Üniversitesi
581	Biruni Üniversitesi
582	Doğuş Üniversitesi
583	Fatih Sultan Mehmet Üniversitesi
584	Fenerbahçe Üniversitesi
585	Haliç Üniversitesi
586	Işık Üniversitesi
587	İbn Haldun Üniversitesi
588	İstanbul 29 Mayıs Üniversitesi
589	Altınbaş Üniversitesi
590	İstanbul Arel Üniversitesi
591	İstanbul Atlas Üniversitesi
592	İstanbul Aydın Üniversitesi
593	Beykoz Üniversitesi
594	İstanbul Bilgi Üniversitesi
595	İstanbul Galata Üniversitesi
596	Demiroğlu Bilim Üniversitesi
597	İstanbul Ticaret Üniversitesi
598	İstanbul Esenyurt Üniversitesi
599	İstanbul Gedik Üniversitesi
600	İstanbul Gelişim Üniversitesi
601	İstanbul Kent Üniversitesi
602	İstanbul Kültür Üniversitesi
603	İstanbul Medipol Üniversitesi
604	İstanbul Okan Üniversitesi
605	İstanbul Rumeli Üniversitesi
606	İstanbul Sabahattin Zaim Üniversitesi
607	İstanbul Topkapı Üniversitesi
608	İstinye Üniversitesi
609	Kadir Has Üniversitesi
610	Koç Üniversitesi
611	Maltepe Üniversitesi
612	MEF Üniversitesi
613	Nişantaşı Üniversitesi
614	Özyeğin Üniversitesi
615	Piri Reis Üniversitesi
616	Sabancı Üniversitesi
617	İstanbul Sağlık ve Teknoloji Üniversitesi
618	Üsküdar Üniversitesi
619	Yeditepe Üniversitesi
620	Yeni Yüzyıl Üniversitesi
621	Dokuz Eylül Üniversitesi (DEÜ)
622	Ege Üniversitesi (EÜ)
623	İzmir Yüksek Teknoloji Enstitüsü (İYTE)
624	İzmir Kâtip Çelebi Üniversitesi (İKÇÜ)
625	İzmir Bakırçay Üniversitesi
626	İzmir Demokrasi Üniversitesi (İDÜ)
627	İzmir Ekonomi Üniversitesi
628	İzmir Tınaztepe Üniversitesi
629	Yaşar Üniversitesi
630	Kahramanmaraş Sütçü İmam Üniversitesi (KSÜ)
631	Kahramanmaraş İstiklal Üniversitesi (KİÜ)
632	Karabük Üniversitesi (KBÜ)
633	Karamanoğlu Mehmetbey Üniversitesi (KMÜ)
634	Kafkas Üniversitesi (KAÜ)
635	Kastamonu Üniversitesi (KÜ)
636	Abdullah Gül Üniversitesi (AGÜ)
637	Erciyes Üniversitesi (ERÜ)
638	Kayseri Üniversitesi (KAYÜ)
639	Nuh Naci Yazgan Üniversitesi
640	Kırıkkale Üniversitesi (KKÜ)
641	Kırklareli Üniversitesi (KLÜ)
642	Kırşehir Ahi Evran Üniversitesi (KAEÜ)
643	Kilis 7 Aralık Üniversitesi (KİYÜ)
644	Gebze Teknik Üniversitesi (GTÜ)
645	Kocaeli Üniversitesi (KOÜ)
646	Kocaeli Sağlık ve Teknoloji Üniversitesi
647	Konya Teknik Üniversitesi (KTÜN)
648	Necmettin Erbakan Üniversitesi (NEÜ)
649	Selçuk Üniversitesi (SÜ)
650	Konya Gıda ve Tarım Üniversitesi
651	KTO Karatay Üniversitesi
652	Kütahya Dumlupınar Üniversitesi (DPÜ)
653	Kütahya Sağlık Bilimleri Üniversitesi (KSBÜ)
654	İnönü Üniversitesi (İNÜ)
655	Malatya Turgut Özal Üniversitesi (MTÜ)
656	Manisa Celal Bayar Üniversitesi (MCBÜ)
657	Mardin Artuklu Üniversitesi (MAÜ)
658	Mersin Üniversitesi (MEÜ)
659	Tarsus Üniversitesi
660	Çağ Üniversitesi
661	Toros Üniversitesi
662	Muğla Sıtkı Koçman Üniversitesi (MSKÜ)
663	Muş Alparslan Üniversitesi (MŞÜ)
664	Nevşehir Hacı Bektaş Veli Üniversitesi (NEVÜ)
665	Kapadokya Üniversitesi
666	Niğde Ömer Halisdemir Üniversitesi (OHÜ)
667	Ordu Üniversitesi (ODÜ)
668	Osmaniye Korkut Ata Üniversitesi (OKÜ)
669	Recep Tayyip Erdoğan Üniversitesi (RTEÜ)
670	Sakarya Üniversitesi (SAÜ)
671	Sakarya Uygulamalı Bilimler Üniversitesi
672	Ondokuz Mayıs Üniversitesi (OMÜ)
673	Samsun Üniversitesi (SAMÜ)
674	Siirt Üniversitesi (SİÜ)
675	Sinop Üniversitesi (SNÜ)
676	Sivas Cumhuriyet Üniversitesi (SCÜ)
677	Sivas Bilim ve Teknoloji Üniversitesi (SBTÜ)
678	Harran Üniversitesi (HRÜ)
679	Şırnak Üniversitesi (ŞÜ)
680	Tekirdağ Namık Kemal Üniversitesi (NKÜ)
681	Tokat Gaziosmanpaşa Üniversitesi (TOGÜ)
682	Karadeniz Teknik Üniversitesi (KTÜ)
683	Trabzon Üniversitesi (TRÜ)
684	Avrasya Üniversitesi
685	Munzur Üniversitesi (MUNÜ)
686	Uşak Üniversitesi (UÜ)
687	Van Yüzüncü Yıl Üniversitesi (YYÜ)
688	Yalova Üniversitesi (YÜ)
689	Yozgat Bozok Üniversitesi (YOBÜ)
690	Zonguldak Bülent Ecevit Üniversitesi (BEÜN)
691	Oxford University
\.


--
-- Data for Name: personel_personel; Type: TABLE DATA; Schema: public; Owner: postgres
--

COPY public.personel_personel (id, name, surname, email, phone, address, department, "position", salary, start_date, end_date, image) FROM stdin;
28	Mr. Anderson	Thomas	anderson.thomas@hotmail.com	+905487412565	9837 Liverpool Street	Yazılım	Master	80000.00	2016-05-16	\N	avatars/44728941-86eb-4c28-8081-b08941f53199.jpg
29	Berke	Hoca	berke@hotmail.com	+905421587514	Şişli Esentepe Mah. No 35  Kat 3	Yazılım	Junior	15000.00	2021-12-26	\N	avatars/b046e196-df3d-49e7-84a2-7153de79e000.jpg
18	Mertcan	Ercan	mertcan.ercan@yapitasi.com	+905346625585	Şişli Esentepe Mah. No 35  Kat 3	Yazılım	Junior	14300.00	2022-11-06	2022-12-30	avatars/595cc970-cbd3-45bb-bb69-a6c456ddbd15.jpg
25	Cenk	Hoca	cenk@hotmail.com	05346528714	4786 Martha Street	Yazılım	Senior	50000.00	2021-05-04	\N	avatars/d4f4b08b-01f4-4f37-a948-a1395791db59.jpg
26	Ahmet	Can	ahmet@ahmet.com	05463211295	Şişli Esentepe Mah. No 35	Tranportation	Senior	14300.00	2020-10-08	\N	avatars/8d16d25c-08cd-4296-b3d3-298803beafc7.jpg
17	Kadir	Hoca	kadir@mail.com	+905421587514	4786 Martha Street	Yazılım	Senior	50000.00	2022-12-13	2022-12-15	avatars/e1a197b5-4010-4653-a545-10abb7752395.jpg
16	Ege	Fitness	ege@hotmail.com	05463214546	9537 Oxford Street	Mutfak	Master	15000.00	2022-11-28	2022-12-29	avatars/34b9541e-1159-494e-a516-838f188cc8cc.jpg
\.


--
-- Data for Name: personel_personelrow; Type: TABLE DATA; Schema: public; Owner: postgres
--

COPY public.personel_personelrow (id, personel_id, school_end_date, school_id, school_start_date) FROM stdin;
6	18	2022-12-02	1	2021-12-21
28	26	2022-10-18	493	2021-12-21
29	17	2022-10-18	490	2021-12-21
35	16	2022-10-18	2	2020-05-04
36	16	2021-11-10	21	2019-12-12
37	16	2022-10-18	22	2020-05-04
38	16	2022-10-18	691	2020-05-04
39	16	2022-10-18	493	2019-10-12
40	16	2022-10-18	491	2019-12-12
41	28	2002-10-28	585	1999-09-09
42	29	2022-10-18	1	2021-12-21
\.


--
-- Name: auth_group_id_seq; Type: SEQUENCE SET; Schema: public; Owner: postgres
--

SELECT pg_catalog.setval('public.auth_group_id_seq', 1, false);


--
-- Name: auth_group_permissions_id_seq; Type: SEQUENCE SET; Schema: public; Owner: postgres
--

SELECT pg_catalog.setval('public.auth_group_permissions_id_seq', 1, false);


--
-- Name: auth_permission_id_seq; Type: SEQUENCE SET; Schema: public; Owner: postgres
--

SELECT pg_catalog.setval('public.auth_permission_id_seq', 44, true);


--
-- Name: auth_user_groups_id_seq; Type: SEQUENCE SET; Schema: public; Owner: postgres
--

SELECT pg_catalog.setval('public.auth_user_groups_id_seq', 1, false);


--
-- Name: auth_user_id_seq; Type: SEQUENCE SET; Schema: public; Owner: postgres
--

SELECT pg_catalog.setval('public.auth_user_id_seq', 1, true);


--
-- Name: auth_user_user_permissions_id_seq; Type: SEQUENCE SET; Schema: public; Owner: postgres
--

SELECT pg_catalog.setval('public.auth_user_user_permissions_id_seq', 1, false);


--
-- Name: csvimport_csvimport_id_seq; Type: SEQUENCE SET; Schema: public; Owner: postgres
--

SELECT pg_catalog.setval('public.csvimport_csvimport_id_seq', 1, false);


--
-- Name: csvimport_importmodel_id_seq; Type: SEQUENCE SET; Schema: public; Owner: postgres
--

SELECT pg_catalog.setval('public.csvimport_importmodel_id_seq', 1, false);


--
-- Name: django_admin_log_id_seq; Type: SEQUENCE SET; Schema: public; Owner: postgres
--

SELECT pg_catalog.setval('public.django_admin_log_id_seq', 248, true);


--
-- Name: django_content_type_id_seq; Type: SEQUENCE SET; Schema: public; Owner: postgres
--

SELECT pg_catalog.setval('public.django_content_type_id_seq', 11, true);


--
-- Name: django_migrations_id_seq; Type: SEQUENCE SET; Schema: public; Owner: postgres
--

SELECT pg_catalog.setval('public.django_migrations_id_seq', 27, true);


--
-- Name: personel_personaleducation_id_seq; Type: SEQUENCE SET; Schema: public; Owner: postgres
--

SELECT pg_catalog.setval('public.personel_personaleducation_id_seq', 698, true);


--
-- Name: personel_personel_id_seq; Type: SEQUENCE SET; Schema: public; Owner: postgres
--

SELECT pg_catalog.setval('public.personel_personel_id_seq', 29, true);


--
-- Name: personel_personelrow_id_seq; Type: SEQUENCE SET; Schema: public; Owner: postgres
--

SELECT pg_catalog.setval('public.personel_personelrow_id_seq', 42, true);


--
-- Name: auth_group auth_group_name_key; Type: CONSTRAINT; Schema: public; Owner: postgres
--

ALTER TABLE ONLY public.auth_group
    ADD CONSTRAINT auth_group_name_key UNIQUE (name);


--
-- Name: auth_group_permissions auth_group_permissions_group_id_permission_id_0cd325b0_uniq; Type: CONSTRAINT; Schema: public; Owner: postgres
--

ALTER TABLE ONLY public.auth_group_permissions
    ADD CONSTRAINT auth_group_permissions_group_id_permission_id_0cd325b0_uniq UNIQUE (group_id, permission_id);


--
-- Name: auth_group_permissions auth_group_permissions_pkey; Type: CONSTRAINT; Schema: public; Owner: postgres
--

ALTER TABLE ONLY public.auth_group_permissions
    ADD CONSTRAINT auth_group_permissions_pkey PRIMARY KEY (id);


--
-- Name: auth_group auth_group_pkey; Type: CONSTRAINT; Schema: public; Owner: postgres
--

ALTER TABLE ONLY public.auth_group
    ADD CONSTRAINT auth_group_pkey PRIMARY KEY (id);


--
-- Name: auth_permission auth_permission_content_type_id_codename_01ab375a_uniq; Type: CONSTRAINT; Schema: public; Owner: postgres
--

ALTER TABLE ONLY public.auth_permission
    ADD CONSTRAINT auth_permission_content_type_id_codename_01ab375a_uniq UNIQUE (content_type_id, codename);


--
-- Name: auth_permission auth_permission_pkey; Type: CONSTRAINT; Schema: public; Owner: postgres
--

ALTER TABLE ONLY public.auth_permission
    ADD CONSTRAINT auth_permission_pkey PRIMARY KEY (id);


--
-- Name: auth_user_groups auth_user_groups_pkey; Type: CONSTRAINT; Schema: public; Owner: postgres
--

ALTER TABLE ONLY public.auth_user_groups
    ADD CONSTRAINT auth_user_groups_pkey PRIMARY KEY (id);


--
-- Name: auth_user_groups auth_user_groups_user_id_group_id_94350c0c_uniq; Type: CONSTRAINT; Schema: public; Owner: postgres
--

ALTER TABLE ONLY public.auth_user_groups
    ADD CONSTRAINT auth_user_groups_user_id_group_id_94350c0c_uniq UNIQUE (user_id, group_id);


--
-- Name: auth_user auth_user_pkey; Type: CONSTRAINT; Schema: public; Owner: postgres
--

ALTER TABLE ONLY public.auth_user
    ADD CONSTRAINT auth_user_pkey PRIMARY KEY (id);


--
-- Name: auth_user_user_permissions auth_user_user_permissions_pkey; Type: CONSTRAINT; Schema: public; Owner: postgres
--

ALTER TABLE ONLY public.auth_user_user_permissions
    ADD CONSTRAINT auth_user_user_permissions_pkey PRIMARY KEY (id);


--
-- Name: auth_user_user_permissions auth_user_user_permissions_user_id_permission_id_14a6b632_uniq; Type: CONSTRAINT; Schema: public; Owner: postgres
--

ALTER TABLE ONLY public.auth_user_user_permissions
    ADD CONSTRAINT auth_user_user_permissions_user_id_permission_id_14a6b632_uniq UNIQUE (user_id, permission_id);


--
-- Name: auth_user auth_user_username_key; Type: CONSTRAINT; Schema: public; Owner: postgres
--

ALTER TABLE ONLY public.auth_user
    ADD CONSTRAINT auth_user_username_key UNIQUE (username);


--
-- Name: csvimport_csvimport csvimport_csvimport_pkey; Type: CONSTRAINT; Schema: public; Owner: postgres
--

ALTER TABLE ONLY public.csvimport_csvimport
    ADD CONSTRAINT csvimport_csvimport_pkey PRIMARY KEY (id);


--
-- Name: csvimport_importmodel csvimport_importmodel_pkey; Type: CONSTRAINT; Schema: public; Owner: postgres
--

ALTER TABLE ONLY public.csvimport_importmodel
    ADD CONSTRAINT csvimport_importmodel_pkey PRIMARY KEY (id);


--
-- Name: django_admin_log django_admin_log_pkey; Type: CONSTRAINT; Schema: public; Owner: postgres
--

ALTER TABLE ONLY public.django_admin_log
    ADD CONSTRAINT django_admin_log_pkey PRIMARY KEY (id);


--
-- Name: django_content_type django_content_type_app_label_model_76bd3d3b_uniq; Type: CONSTRAINT; Schema: public; Owner: postgres
--

ALTER TABLE ONLY public.django_content_type
    ADD CONSTRAINT django_content_type_app_label_model_76bd3d3b_uniq UNIQUE (app_label, model);


--
-- Name: django_content_type django_content_type_pkey; Type: CONSTRAINT; Schema: public; Owner: postgres
--

ALTER TABLE ONLY public.django_content_type
    ADD CONSTRAINT django_content_type_pkey PRIMARY KEY (id);


--
-- Name: django_migrations django_migrations_pkey; Type: CONSTRAINT; Schema: public; Owner: postgres
--

ALTER TABLE ONLY public.django_migrations
    ADD CONSTRAINT django_migrations_pkey PRIMARY KEY (id);


--
-- Name: django_session django_session_pkey; Type: CONSTRAINT; Schema: public; Owner: postgres
--

ALTER TABLE ONLY public.django_session
    ADD CONSTRAINT django_session_pkey PRIMARY KEY (session_key);


--
-- Name: personel_personaleducation personel_personaleducation_pkey; Type: CONSTRAINT; Schema: public; Owner: postgres
--

ALTER TABLE ONLY public.personel_personaleducation
    ADD CONSTRAINT personel_personaleducation_pkey PRIMARY KEY (id);


--
-- Name: personel_personel personel_personel_pkey; Type: CONSTRAINT; Schema: public; Owner: postgres
--

ALTER TABLE ONLY public.personel_personel
    ADD CONSTRAINT personel_personel_pkey PRIMARY KEY (id);


--
-- Name: personel_personelrow personel_personelrow_pkey; Type: CONSTRAINT; Schema: public; Owner: postgres
--

ALTER TABLE ONLY public.personel_personelrow
    ADD CONSTRAINT personel_personelrow_pkey PRIMARY KEY (id);


--
-- Name: auth_group_name_a6ea08ec_like; Type: INDEX; Schema: public; Owner: postgres
--

CREATE INDEX auth_group_name_a6ea08ec_like ON public.auth_group USING btree (name varchar_pattern_ops);


--
-- Name: auth_group_permissions_group_id_b120cbf9; Type: INDEX; Schema: public; Owner: postgres
--

CREATE INDEX auth_group_permissions_group_id_b120cbf9 ON public.auth_group_permissions USING btree (group_id);


--
-- Name: auth_group_permissions_permission_id_84c5c92e; Type: INDEX; Schema: public; Owner: postgres
--

CREATE INDEX auth_group_permissions_permission_id_84c5c92e ON public.auth_group_permissions USING btree (permission_id);


--
-- Name: auth_permission_content_type_id_2f476e4b; Type: INDEX; Schema: public; Owner: postgres
--

CREATE INDEX auth_permission_content_type_id_2f476e4b ON public.auth_permission USING btree (content_type_id);


--
-- Name: auth_user_groups_group_id_97559544; Type: INDEX; Schema: public; Owner: postgres
--

CREATE INDEX auth_user_groups_group_id_97559544 ON public.auth_user_groups USING btree (group_id);


--
-- Name: auth_user_groups_user_id_6a12ed8b; Type: INDEX; Schema: public; Owner: postgres
--

CREATE INDEX auth_user_groups_user_id_6a12ed8b ON public.auth_user_groups USING btree (user_id);


--
-- Name: auth_user_user_permissions_permission_id_1fbb5f2c; Type: INDEX; Schema: public; Owner: postgres
--

CREATE INDEX auth_user_user_permissions_permission_id_1fbb5f2c ON public.auth_user_user_permissions USING btree (permission_id);


--
-- Name: auth_user_user_permissions_user_id_a95ead1b; Type: INDEX; Schema: public; Owner: postgres
--

CREATE INDEX auth_user_user_permissions_user_id_a95ead1b ON public.auth_user_user_permissions USING btree (user_id);


--
-- Name: auth_user_username_6821ab7c_like; Type: INDEX; Schema: public; Owner: postgres
--

CREATE INDEX auth_user_username_6821ab7c_like ON public.auth_user USING btree (username varchar_pattern_ops);


--
-- Name: csvimport_importmodel_csvimport_id_5a422b1c; Type: INDEX; Schema: public; Owner: postgres
--

CREATE INDEX csvimport_importmodel_csvimport_id_5a422b1c ON public.csvimport_importmodel USING btree (csvimport_id);


--
-- Name: django_admin_log_content_type_id_c4bce8eb; Type: INDEX; Schema: public; Owner: postgres
--

CREATE INDEX django_admin_log_content_type_id_c4bce8eb ON public.django_admin_log USING btree (content_type_id);


--
-- Name: django_admin_log_user_id_c564eba6; Type: INDEX; Schema: public; Owner: postgres
--

CREATE INDEX django_admin_log_user_id_c564eba6 ON public.django_admin_log USING btree (user_id);


--
-- Name: django_session_expire_date_a5c62663; Type: INDEX; Schema: public; Owner: postgres
--

CREATE INDEX django_session_expire_date_a5c62663 ON public.django_session USING btree (expire_date);


--
-- Name: django_session_session_key_c0390e0f_like; Type: INDEX; Schema: public; Owner: postgres
--

CREATE INDEX django_session_session_key_c0390e0f_like ON public.django_session USING btree (session_key varchar_pattern_ops);


--
-- Name: personel_personelrow_personel_id_4ce433f7; Type: INDEX; Schema: public; Owner: postgres
--

CREATE INDEX personel_personelrow_personel_id_4ce433f7 ON public.personel_personelrow USING btree (personel_id);


--
-- Name: personel_personelrow_school_id_64f5c7e0; Type: INDEX; Schema: public; Owner: postgres
--

CREATE INDEX personel_personelrow_school_id_64f5c7e0 ON public.personel_personelrow USING btree (school_id);


--
-- Name: auth_group_permissions auth_group_permissio_permission_id_84c5c92e_fk_auth_perm; Type: FK CONSTRAINT; Schema: public; Owner: postgres
--

ALTER TABLE ONLY public.auth_group_permissions
    ADD CONSTRAINT auth_group_permissio_permission_id_84c5c92e_fk_auth_perm FOREIGN KEY (permission_id) REFERENCES public.auth_permission(id) DEFERRABLE INITIALLY DEFERRED;


--
-- Name: auth_group_permissions auth_group_permissions_group_id_b120cbf9_fk_auth_group_id; Type: FK CONSTRAINT; Schema: public; Owner: postgres
--

ALTER TABLE ONLY public.auth_group_permissions
    ADD CONSTRAINT auth_group_permissions_group_id_b120cbf9_fk_auth_group_id FOREIGN KEY (group_id) REFERENCES public.auth_group(id) DEFERRABLE INITIALLY DEFERRED;


--
-- Name: auth_permission auth_permission_content_type_id_2f476e4b_fk_django_co; Type: FK CONSTRAINT; Schema: public; Owner: postgres
--

ALTER TABLE ONLY public.auth_permission
    ADD CONSTRAINT auth_permission_content_type_id_2f476e4b_fk_django_co FOREIGN KEY (content_type_id) REFERENCES public.django_content_type(id) DEFERRABLE INITIALLY DEFERRED;


--
-- Name: auth_user_groups auth_user_groups_group_id_97559544_fk_auth_group_id; Type: FK CONSTRAINT; Schema: public; Owner: postgres
--

ALTER TABLE ONLY public.auth_user_groups
    ADD CONSTRAINT auth_user_groups_group_id_97559544_fk_auth_group_id FOREIGN KEY (group_id) REFERENCES public.auth_group(id) DEFERRABLE INITIALLY DEFERRED;


--
-- Name: auth_user_groups auth_user_groups_user_id_6a12ed8b_fk_auth_user_id; Type: FK CONSTRAINT; Schema: public; Owner: postgres
--

ALTER TABLE ONLY public.auth_user_groups
    ADD CONSTRAINT auth_user_groups_user_id_6a12ed8b_fk_auth_user_id FOREIGN KEY (user_id) REFERENCES public.auth_user(id) DEFERRABLE INITIALLY DEFERRED;


--
-- Name: auth_user_user_permissions auth_user_user_permi_permission_id_1fbb5f2c_fk_auth_perm; Type: FK CONSTRAINT; Schema: public; Owner: postgres
--

ALTER TABLE ONLY public.auth_user_user_permissions
    ADD CONSTRAINT auth_user_user_permi_permission_id_1fbb5f2c_fk_auth_perm FOREIGN KEY (permission_id) REFERENCES public.auth_permission(id) DEFERRABLE INITIALLY DEFERRED;


--
-- Name: auth_user_user_permissions auth_user_user_permissions_user_id_a95ead1b_fk_auth_user_id; Type: FK CONSTRAINT; Schema: public; Owner: postgres
--

ALTER TABLE ONLY public.auth_user_user_permissions
    ADD CONSTRAINT auth_user_user_permissions_user_id_a95ead1b_fk_auth_user_id FOREIGN KEY (user_id) REFERENCES public.auth_user(id) DEFERRABLE INITIALLY DEFERRED;


--
-- Name: csvimport_importmodel csvimport_importmode_csvimport_id_5a422b1c_fk_csvimport; Type: FK CONSTRAINT; Schema: public; Owner: postgres
--

ALTER TABLE ONLY public.csvimport_importmodel
    ADD CONSTRAINT csvimport_importmode_csvimport_id_5a422b1c_fk_csvimport FOREIGN KEY (csvimport_id) REFERENCES public.csvimport_csvimport(id) DEFERRABLE INITIALLY DEFERRED;


--
-- Name: django_admin_log django_admin_log_content_type_id_c4bce8eb_fk_django_co; Type: FK CONSTRAINT; Schema: public; Owner: postgres
--

ALTER TABLE ONLY public.django_admin_log
    ADD CONSTRAINT django_admin_log_content_type_id_c4bce8eb_fk_django_co FOREIGN KEY (content_type_id) REFERENCES public.django_content_type(id) DEFERRABLE INITIALLY DEFERRED;


--
-- Name: django_admin_log django_admin_log_user_id_c564eba6_fk_auth_user_id; Type: FK CONSTRAINT; Schema: public; Owner: postgres
--

ALTER TABLE ONLY public.django_admin_log
    ADD CONSTRAINT django_admin_log_user_id_c564eba6_fk_auth_user_id FOREIGN KEY (user_id) REFERENCES public.auth_user(id) DEFERRABLE INITIALLY DEFERRED;


--
-- Name: personel_personelrow personel_personelrow_personel_id_4ce433f7_fk_personel_; Type: FK CONSTRAINT; Schema: public; Owner: postgres
--

ALTER TABLE ONLY public.personel_personelrow
    ADD CONSTRAINT personel_personelrow_personel_id_4ce433f7_fk_personel_ FOREIGN KEY (personel_id) REFERENCES public.personel_personel(id) DEFERRABLE INITIALLY DEFERRED;


--
-- Name: personel_personelrow personel_personelrow_school_id_64f5c7e0_fk_personel_; Type: FK CONSTRAINT; Schema: public; Owner: postgres
--

ALTER TABLE ONLY public.personel_personelrow
    ADD CONSTRAINT personel_personelrow_school_id_64f5c7e0_fk_personel_ FOREIGN KEY (school_id) REFERENCES public.personel_personaleducation(id) DEFERRABLE INITIALLY DEFERRED;


--
-- PostgreSQL database dump complete
--

